"","text"
"1"," menjual album only digipack the seharga  dapatkan produk    shopee "
"2"," menjual kaos distro seharga  dapatkan  shopee   shopeeid "
"3"," menjual sepatu urban amp  co kenji basic flatshoes beige  seharga  dapatkan produk    shope "
"4"," menjual konektor masker rajut seharga  dapatkan  shopee   "
"5"," sobat shopee     dapetin gadget gratis yuk ikutan giveaway  instagram shopee barokah shopee for men shop"
"6","gut mowning   temukan  dapatkan nuraida maxy       shopeeid "
"7"," menjual jolen crem bleaching seharga  dapatkan  shopee   "
"8"," menjual raihan album syukur seharga  dapatkan  shopee   shopeeid "
"9"," menjual ms glow jj glow seharga  dapatkan  shopee   shopeeid "
"10"," menjual whiskas junior tunamackerel  gr seharga  dapatkan produk    shopee  shopeeid"
"11"," menjual baut mesin body jupit seharga  dapatkan  shopee   "
"12"," menjual sepatu urban amp  co kenji basic flatshoes beige  seharga  dapatkan produk    shope "
"13","im selling yourganic x sabibowls  collagen  for  get it on shopee now  "
"14"," menjual sale cardigan  ribu seharga  dapatkan  shopee   "
"15"," ready stock ya  sale  besokharga  fix k pcs  grab it fast    menjual sale   cathy d "
"16","tas sepeda  tas running  tas hydropack  bladder bag carion  dapatkan produk    shopee "
"17"," menjual cinta  marah  ku seharga  dapatkan  shopee   "
"18"," menjual lenticular wonpil day seharga  dapatkan produk    shopee  "
"19"," menjual hoodie distro seharga  dapatkan  shopee   shopeeid "
"20"," menjual jam tangan pria vava seharga  dapatkan  shopee   "
"21","terbaru cod tote bag selempang saku samping tas wanita ready makassar shopee toko tamz  potongan   "
"22"," menjual hair mask gr seharga  dapatkan  shopee   shopeeid "
"23"," menjual ukulele seharga  dapatkan  shopee   shopeeid "
"24"," menjual hair mask gr seharga  dapatkan  shopee   shopeeid "
"25"," menjual ukulele seharga  dapatkan  shopee   shopeeid "
"26"," menjual s svts calendars seharga  dapatkan produk    shopee  "
"27"," menjual ready stock  svts gummy amp  pantone keychain seharga  dapatkan produk    shopee "
"28"," sobat shopee  dapetin smartphone samsung amp  hadiah   yuk follow instagram   bawa pulang hadiahnya"
"29"," menjual corinthian prostars figure  seharga  dapatkan  shopee   "
"30","  menjual celana chinocino   potongan    dapatkan   shopee "
"31","  menjual celana chinocino   potongan    dapatkan   shop "
"32","  menjual celana chinocino   potongan    dapatkan   shopee "
"33","  menjual celana chinocino   potongan    dapatkan   shopee "
"34","  menjual celana chinocino   potongan    dapatkan   shopee "
"35","   menjual celana chinocino   potongan    dapatkan  "
"36","  menjual celana chinocino   potongan    dapatkan   shopee "
"37","  menjual celana chinocino   potongan    dapatkan   shop "
"38","  menjual celana chinocino   potongan    dapatkan   shopee "
"39","  menjual celana chinocino   potongan    dapatkan   shopee "
"40","wts pc official album bts seventeen got seharga    dapatkan produk    shopee "
"41"," menjual celana chinocino   potongan    dapatkan   shopee  shopeeid"
"42"," menjual celana  wanita o seharga  dapatkan  shopee   "
"43"," menjual preloved hoodie unisex  hoodie bts wings you never walk alone seharga  dapatkan produk  h "
"44"," menjual preorder   m seharga  dapatkan  shopee   "
"45"," polaroid asli  no mahal seharga  dapatkan  shopee     shopeeid  polar"
"46","dp po sharing nct photobook dream a dream seharga  dapatkan produk    shopee "
"47","dp preorder sharing nct  back to school jaehyun doyoung mark taeyong haechan seharga    da "
"48","dp preorder sharing nct dream back to school jaemin mark haechan seharga    dapatkan produk  "
"49","dp preorder sharing nct lenticular photocard set resonance  seharga    dapatkan produk   "
"50"," menjual gamis rayon twill mal seharga  dapatkan  shopee   "
"51"," menjual dp onlymy treasure seharga  dapatkan  shopee   "
"52"," menjual  manusia  hamba  fahruddin faiz  potongan    dapatkan   "
"53","terbaru c cincin wanita pita aksesoris fashion toko tamz ready makassar seharga  dapatkan produk  ha "
"54"," menjual dp onlymy treasure offici seharga  dapatkan  shopee   "
"55","  rangka seungkwan bday   adain diskon   seungkwanan yyoo boosadan  wl nya   diborong mum"
"56"," polaroid asli  no mahal seharga  dapatkan  shopee     shopeeid  polar"
"57"," ayo panen pohon tabungan lipat gandakan koinmu shopeetanam shopeeid shopee shopeeph shopeemy shopeehaul  "
"58","ayo panen pohon tabungan lipat gandakan koinmu shopeetanam shopeeid shopee shopeeph shopeemy shopeehaul "
"59"," menjual masker wajah nonmedi seharga  dapatkan  shopee   "
"60"," polaroid asli  no mahal seharga  dapatkan  shopee     shopeeid  polar"
"61"," menjual grosir perdana mur seharga  dapatkan  shopee   "
"62"," menjual masker medis ply si seharga  dapatkan  shopee   "
"63"," menjual masker hijab ply seharga  dapatkan  shopee   shopeeid "
"64"," menjual masker medis earloop  seharga  dapatkan  shopee   "
"65"," menjual tas wanita tenteng seharga  dapatkan  shopee   shopeeid "
"66"," menjual travel size gr by d seharga  dapatkan  shopee   "
"67"," menjual bianca bag seharga  dapatkan  shopee   shopeeid "
"68"," menjual methanol kadar  seharga  dapatkan  shopee   shopeeid "
"69"," menjual tas wanita sl seharga  dapatkan produk    shopee  "
"70"," menjual set photocard  pc ka seharga  dapatkan  shopee   "
"71","barang   beli  sekedar lihat  market place lokal  tokopedia shopeeid lazada dlsb  "
"72"," menjual timepiece jt couple wa seharga  dapatkan  shopee   "
"73"," menjual preloved heatwave op seharga  dapatkan  shopee   "
"74"," menjual preloved zara gladia seharga  dapatkan  shopee   "
"75"," menjual jaket coach parasut  seharga  dapatkan  shopee   "
"76","ayo panen pohon tabungan lipat gandakan koinmu   shopeetanam shopeeid "
"77"," menjual aespa fankit  han seharga  dapatkan  shopee   "
"78"," menjual emblem tutup tank yam seharga  dapatkan  shopee   "
"79"," menjual masker hijab seharga  dapatkan  shopee   shopeeid "
"80"," menjual hordenggordentirai  seharga  dapatkan  shopee   "
"81"," menjual akun frefire murah seharga  dapatkan  shopee   shopeeid "
"82"," menjual travel size gr by d seharga  dapatkan  shopee   "
"83"," menjual jaket outdoor  jake seharga  dapatkan  shopee   "
"84"," menjual wajan teflon anti len seharga  dapatkan  shopee   "
"85"," menjual hordenggordentirai jendel seharga  dapatkan  shopee   "
"86"," menjual classy black by soei seharga  dapatkan  shopee   "
"87"," menjual ceria blouse by vani seharga  dapatkan  shopee   "
"88"," menjual looney dress  mil seharga  dapatkan  shopee   "
"89"," menjual riznis  reca by w seharga  dapatkan  shopee   "
"90"," menjual dompet kulit pria  dimendi lipat pendek standar kulit sapi asli garut hitam tr seharga  "
"91"," menjual komik cabutan montage vol   seharga  dapatkan  shopee   "
"92"," menjual akun freefire gak ter seharga  dapatkan  shopee   "
"93"," menjual treadmill manual  seharga  dapatkan  shopee   "
"94"," menjual jaket outdoor  jaket gunung seharga  dapatkan  shopee   shopeeid "
"95"," menjual komik cabutan btooom vol   seharga  dapatkan  shopee   shopeeid "
"96"," menjual hamster roborovski seharga  dapatkan  shopee   shopeeid "
"97","terbaru cod resleting tote bag abstrak tas wanita ready makassar toko tamz  potongan    da "
"98"," menjual baju anak kurta kids  seharga  dapatkan  shopee   "
"99"," menjual jeans kulot seharga  dapatkan  shopee   shopeeid "
"100"," menjual madu randu al mubarak seharga  dapatkan  shopee   "
"101"," menjual pashmina seharga    dapatkan  shopee   shopeeid "
"102"," menjual madu randu al mubara seharga  dapatkan  shopee   "
"103"," menjual madu randu al mubara seharga  dapatkan  shopee   "
"104"," menjual grosir perdana  a seharga  dapatkan  shopee   "
"105"," menjual madu randu al mubarak seharga  dapatkan  shopee   "
"106"," menjual bookmark hangyul euns seharga  dapatkan  shopee   "
"107"," menjual bookmark hangyul eunsang po seharga  dapatkan  shopee   "
"108"," menjual air minum kemasan seharga  dapatkan  shopee   shopeeid "
"109"," menjual kaos butterfly dignic seharga  dapatkan  shopee   "
"110"," menjual pelunasan seharga  dapatkan  shopee   shopeeid "
"111"," menjual komik saint seiya the lost  seharga  dapatkan  shopee   "
"112","im selling ready kai jewel case album verb for  get it on shopee now  shopeeid "
"113"," menjual komik cabutan btooom  seharga  dapatkan  shopee   shopeeid "
"114"," menjual komik cabutan btooom  seharga  dapatkan  shopee   shopeeid "
"115","gamis vaksina  meminimalisir tersingkapnya aurat  vaksin tersedia zipper kanan kiri  diindonesia ba "
"116","ayo gais  anget langsung  cek aja  shopeeid "
"117"," menjual po w dressroom perf seharga  dapatkan  shopee   "
"118"," menjual komik paman gober berb seharga  dapatkan  shopee   "
"119"," menjual dior prestige la m seharga  dapatkan  shopee   "
"120"," menjual celana chinos pendek  seharga  dapatkan  shopee   "
"121","terbaru kaos kaki ankle list mata kaki ready makassar cod shopee toko tamz  potongan    dap "
"122"," menjual celana chinos pendek kasual seharga  dapatkan  shopee   "
"123","kunjungi toko   shopee  queenhoney    shopeeid "
"124"," menjual nct  resonance pt  seharga  dapatkan  shopee   shopeeid "
"125","  menjual narkopi  arabika win seharga  dapatkan  shopee   shopeeid"
"126"," menjual masker kain non medis seharga  dapatkan  shopee   "
"127"," menjual masker kain non medis seharga  dapatkan  shopee   "
"128"," menjual masker kain non medis seharga  dapatkan  shopee   "
"129"," menjual jackson kelly seharga  dapatkan  shopee   shopeeid "
"130"," menjual gamis attirah dress bahan wofis basic premium  potongan    dapatkan   "
"131"," menjual alarm lagu alarm mp seharga  dapatkan  shopee   "
"132"," menjual saturday looks minty clay face mask  original   potongan    dapatkan sege "
"133"," menjual amalan ringan   seharga  dapatkan  shopee   "
"134","temukan jbl bluetooth speaker horizon oclock  black  potongan    dapatkan   "
"135","shopee tanam yuk kak yg   air merapat  sirbal no php  shopeetanam shopeeid"
"136"," menjual kaosmusikanak seharga  dapatkan  shopee   shopeeid "
"137"," menjual reseller resmimaske seharga  dapatkan  shopee   "
"138"," menjual agen resmi sabun keda seharga  dapatkan  shopee   "
"139"," menjual agen resmi sabun kedas beau seharga  dapatkan  shopee   "
"140"," menjual free gift reseller seharga  dapatkan  shopee   "
"141","terbaru anting pompom silver bulat pendek tamz aksesoris wanita makassar seharga  dapatkan produk  han "
"142"," menjual wallborder list wallpaper s seharga  dapatkan  shopee   "
"143"," menjual sharing sg nct   seharga  dapatkan  shopee   "
"144"," menjual mie gelas isi  seharga  dapatkan  shopee   shopeeid "
"145"," menjual gamis seharga  dapatkan  shopee   shopeeid "
"146"," sobat shopee     dapetin gadget gratis yuk ikutan giveaway  instagram shopee barokah shopee for men shop"
"147"," menjual pentagon th mini al seharga  dapatkan  shopee   "
"148"," menjual atlas idaman harmoni  seharga  dapatkan  shopee   "
"149"," menjual chopper advance seharga  dapatkan  shopee   shopeeid "
"150"," menjual madu kama kemasan  seharga  dapatkan  shopee   "
"151"," menjual madu kama kemasan  seharga  dapatkan  shopee   "
"152"," menjual madu kama kemasan  seharga  dapatkan  shopee   "
"153"," menjual madu kama kemasan  seharga  dapatkan  shopee   "
"154"," menjual madu kama kemasan  seharga  dapatkan  shopee   "
"155"," menjual madu kama kemasan  seharga  dapatkan  shopee   "
"156"," menjual madu kama  madu sara seharga  dapatkan  shopee   "
"157"," menjual model batik pria modern mo seharga  dapatkan  shopee   "
"158"," menjual masker hijab ply icare non medis seharga  dapatkan produk    shopee "
"159"," menjual basic shijumbo ld  seharga  dapatkan  shopee   "
"160"," shopeeid onlineshop smallbusinesses "
"161","terbaru cod lampu tumblr klip bintang salju bulat colokan male female ready toko tamz online shop makassar seharg "
"162"," menjual basic shijumbo ld  seharga  dapatkan  shopee   shopeeid "
"163"," menjual model batik pria modern mo seharga  dapatkan  shopee   "
"164"," menjual nuvo hand sanitizer sp seharga  dapatkan  shopee   "
"165"," menjual nct  neozone versi c album only seharga  dapatkan produk    shopee wts wtb n "
"166"," menjual daun kemuning artific seharga  dapatkan  shopee   "
"167"," menjual kids hijab vitto seharga  dapatkan  shopee   shopeeid "
"168"," menjual pulsa telkomsel rb seharga  dapatkan  shopee   shopeeid "
"169"," menjual mamas tem bunny chuc seharga  dapatkan  shopee   "
"170"," menjual park ji hoon messeage seharga  dapatkan  shopee   shopeeid "
"171"," menjual setelan baju  rok seharga  dapatkan  shopee   "
"172"," menjual parkjihoonmessage seharga  dapatkan  shopee   shopeeid "
"173"," menjual ms glow series white seharga  dapatkan  shopee   "
"174"," menjual ms glow series white seharga  dapatkan  shopee   "
"175"," menjual madu gurafit origina seharga  dapatkan  shopee   "
"176"," menjual ms glow series whitening   seharga  dapatkan  shopee   "
"177"," menjual messeageparkjihoonalbum seharga  dapatkan  shopee   shopeeid "
"178"," menjual jaket outdoor gunung seharga  dapatkan  shopee   "
"179"," punten ngiring jualan yah mang   menjual cemilan serba seribu  makaroni makroni bantet spi "
"180"," menjual jaket outdoor huntin seharga  dapatkan  shopee   "
"181","terbaru c cincin jari fashion wanita toko tamz aksesoris ready makassar seharga  dapatkan produk  h "
"182"," menjual jam tangan wanita  seharga  dapatkan  shopee   "
"183"," menjual nahda skincare pilih seharga  dapatkan  shopee   "
"184"," menjual rak kosmetik gantungrak  seharga  dapatkan  shopee   "
"185"," menjual nahda skincare pilih  norm seharga  dapatkan  shopee   "
"186"," menjual pinata ulang   seharga  dapatkan  shopee   "
"187","ayo  bantu shoppe shopeeid shopeetanam    jenniebirthday  pricelessjennieday "
"188"," menjual pinata ulang  shark ik seharga  dapatkan  shopee   "
"189"," teume    nih   santai yuk tebak potongan puzzle    album   udah tau jawabannya lan"
"190"," menjual jaket outdoor huntin seharga  dapatkan  shopee   "
"191"," menjual jennie solo special  seharga  dapatkan  shopee   "
"192","bantu siram gaes shopee shopeeid shopeetanam  "
"193"," menjual hamster panda seharga  dapatkan  shopee   shopeeid "
"194"," menjual wttwts pc chenle amp  ac taei seharga  dapatkan  shopee   "
"195"," menjual pl jaket caramelo seharga  dapatkan  shopee   shopeeid "
"196"," sobat shopee  dapetin smartphone samsung amp  hadiah   yuk follow instagram   bawa pulang hadiahnya"
"197"," menjual ayam bk ganoi seharga  dapatkan  shopee   shopeeid "
"198"," menjual sticker sepeda bahan  seharga  dapatkan  shopee   "
"199","ayo panen pohon tabungan lipat gandakan koinmu  notif auto sirball shopeeid shopeetanam shopeetanam "
"200"," menjual bahan sticker skotlet seharga  dapatkan  shopee   "
"201"," sobat shopee     dapetin gadget gratis yuk ikutan giveaway  instagram shopee barokah shopee for men shop"
"202"," menjual bahan stiker hologram seharga  dapatkan  shopee   "
"203"," menjual setelan wanita set rayon celana pendek kekinianone set sarfa set deyaz  potongan   r "
"204"," menjual bahan stiker hologram seharga  dapatkan  shopee   "
"205"," menjual sweater beatles hamp m grey fo seharga  dapatkan  shopee   "
"206"," menjual namamu   maticmu seharga  dapatkan  shopee   "
"207"," menjual kursi rotan bahama seharga  dapatkan  shopee   "
"208","ayo panen pohon tabungan lipat gandakan koinmu    shopeetanam shopee shopee "
"209"," menjual sticker skotlet lampu seharga  dapatkan  shopee   "
"210"," menjual sticker skotlet lampu seharga  dapatkan  shopee   "
"211"," menjual sticker skotlet lampu seharga  dapatkan  shopee   "
"212"," menjual ready stock kaos ts seharga  dapatkan  shopee   "
"213"," menjual air queen nano filter mask seharga  dapatkan  shopee   shopeeid "
"214"," menjual madu sehat propolis p seharga  dapatkan  shopee   "
"215"," ready pinkroulette facemask  free gift  reseller resmi  seharga      shopeeid htt"
"216"," loreal paris fall resist x anti hairfall shampoo ml  potongan          "
"217"," menjual sweatshirt disney fantasia  seharga  dapatkan  shopee   "
"218"," ready lippie serum by raecca with vitamin e jojoba oil coconat oil   potongan        "
"219"," ready chava facemist by chaiza  ml  saffron facemist  facemist saffron zamzam  zamron murah   seharga "
"220"," menjual cetak poster anime kpop g seharga  dapatkan  shopee   "
"221"," menjual serial akhlaqul karimah seharga  dapatkan  shopee   shopeeid "
"222"," menjual wakemake powder jet dual brow seharga  dapatkan  shopee   "
"223"," menjual cetak hangtag ukuran  cm  seharga  dapatkan  shopee   "
"224","terbaru ready makassar bra extension sambungan pengait bh extension seharga    dapatkan produk in "
"225"," menjual bts  music theme instant ta seharga  dapatkan  shopee   "
"226"," menjual batik sb kenongo kemeja  seharga  dapatkan  shopee   "
"227"," menjual british propolis seharga  dapatkan  shopee   shopeeid "
"228"," menjual hoodie mickey mouse hamp m lig seharga  dapatkan  shopee   "
"229"," menjual hoodie la hamp m for women seharga  dapatkan  shopee   "
"230"," menjual aizome lampu tembak m seharga  dapatkan  shopee   "
"231"," menjual hoodie la hamp m for women seharga  dapatkan  shopee   shopeeid "
"232"," menjual baju anak remaja  seharga  dapatkan  shopee   "
"233"," menjual zipped top hamp m khaki seharga  dapatkan  shopee   "
"234","kunjungi toko   shopee twindigitalprinting  shopeeid "
"235","terbaru sale cuci gudang cod ready langsung kirim pakaian baju rok wanita toko tamz makassar seharga   r "
"236"," menjual strap  keychain  gantungan kpop seharga  dapatkan produk    shopee "
"237"," menjual kardus polos solusi pa seharga  dapatkan  shopee   "
"238"," menjual kardus polos solusi packing seharga  dapatkan  shopee   "
"239"," menjual kardus polos solusi packing seharga  dapatkan  shopee   "
"240","im selling wtt  wts got breath of love for  get it on shopee now  shopeeid "
"241"," menjual kardus polos solusi packing seharga  dapatkan  shopee   "
"242"," menjual jersey lazio home  seharga  dapatkan  shopee   "
"243"," menjual ac split  pk pa seharga  dapatkan  shopee   "
"244"," menjual sandal calbi rsx  hitam seharga  dapatkan produk    shopee "
"245"," menjual jersey lazio home  seharga  dapatkan  shopee   "
"246"," menjual sandal calbi rsx  merah seharga  dapatkan produk    shopee "
"247"," menjual sandal carvil spektra s brown seharga  dapatkan produk    shopee "
"248"," menjual sandal calbi original rsx  all color seharga  dapatkan produk    shopee "
"249"," menjual kardus polos solusi packing seharga  dapatkan  shopee   "
"250"," menjual sandal calbi original kax  all color seharga  dapatkan produk    shopee "
"251"," menjual sandal calbi original rsx  seharga  dapatkan produk    shopee "
"252"," menjual kardus polos solusi  seharga  dapatkan  shopee   "
"253"," menjual kardus polos solusi  seharga  dapatkan  shopee   "
"254"," menjual spotify premium indiv seharga  dapatkan  shopee   "
"255"," menjual jersey lazio home  seharga  dapatkan  shopee   "
"256"," menjual iphone  gb ex l seharga  dapatkan  shopee   "
"257","hy guys  gabut  cek toko shopee ku    barang barang clearance sale  preloved  kunjungi toko "
"258"," menjual kardus polos solusi pa seharga  dapatkan  shopee   "
"259","terbaru resleting tas tote bag cod ready makassar toko tamz tb  potongan      "
"260"," menjual kardus polos solusi pa seharga  dapatkan  shopee   "
"261"," menjual kardus polos solusi  seharga  dapatkan  shopee   "
"262","terbaru tas ransel stylish cewek korea toko tamz ready makassar  potongan    dapatkan sege "
"263"," menjual jaket tnf saku samping seharga  dapatkan produk    shopee  "
"264"," menjual anting kait  seharga  dapatkan  shopee   shopeeid "
"265"," menjual kalung set liontin kadar  seharga  dapatkan  shopee   shopeeid "
"266"," menjual ikan cupang female fa seharga  dapatkan  shopee   "
"267"," menjual cupang nemo multicolor seharga  dapatkan  shopee   "
"268"," menjual kaos loki helmet horn seharga  dapatkan  shopee   "
"269"," menjual ikan cupang aduan grade seharga  dapatkan  shopee   "
"270"," menjual jual keota internet seharga  dapatkan  shopee   shopeeid "
"271"," menjual ikan cupang red hellb seharga  dapatkan  shopee   "
"272"," menjual kaos loki helmet horn seharga  dapatkan  shopee   "
"273"," menjual kaos loki helmet horns god  seharga  dapatkan  shopee   "
"274"," menjual ikan cupang red hellboy bold seharga  dapatkan  shopee   shopeeid "
"275"," menjual vitamin burung vitas seharga  dapatkan  shopee   "
"276"," menjual top up game free fire seharga  dapatkan  shopee   shopeeid "
"277"," menjual top up free fire seharga  dapatkan  shopee   shopeeid "
"278"," menjual jersey psg home play seharga  dapatkan  shopee   "
"279"," menjual top up free fire seharga  dapatkan  shopee   shopeeid "
"280","terbaru resleting tas tote bag cod ready online shop makassar dagang toko tamz tb tokotamz shopee  potong "
"281","temukan wannathis ddobak ddobak hangul sticker  korean initial sticker korean letters  potongan  hany "
"282"," menjual tas pria seharga  dapatkan  shopee   shopeeid "
"283"," menjual ikan cupang red hellboy bold seharga  dapatkan  shopee   shopeeid "
"284"," menjual sampho kutu burung ja seharga  dapatkan  shopee   "
"285"," menjual bnr gurah herbal seharga  dapatkan  shopee   shopeeid "
"286"," menjual tas pria seharga  dapatkan  shopee   shopeeid "
"287","           hijabers hijabsyarii semangat semangatwow stayathome shoppee shopeetanam shopeeid shopee"
"288","yuk gan  order    menjual obral paranet murah m seharga  dapatkan  shopee  "
"289"," menjual ikan cupang aduan grade seharga  dapatkan  shopee   "
"290"," menjual pakan burung lovebird seharga  dapatkan  shopee   "
"291"," menjual bintangan bintang ras seharga  dapatkan  shopee   "
"292","temukan faylin  celanadalam wanita kantong ritsleting  cd saku resleting  bahan adem lembut art fay r denga "
"293"," menjual redmi  a sembila seharga  dapatkan  shopee   "
"294"," menjual infinix note    seharga  dapatkan  shopee   "
"295"," menjual philips lampu led emergency seharga  dapatkan  shopee   "
"296"," menjual titanium baut tutup  seharga  dapatkan  shopee   "
"297"," menjual titaniun baut mx mm big seharga  dapatkan  shopee   shopeeid "
"298"," menjual sweater daisy bahan babyterri fit l  kg muat   pc ukuran  l ld   cm pj   cm bahan  bebyte "
"299"," menjual bubuk jahe merah  kg seharga  dapatkan  shopee   shopeeid "
"300"," menjual tunik gucci premium  seharga  dapatkan  shopee   "
"301","bener po ora lur  original by kaos  ambyar karo kowe wae    ati ro kaosmu wae si "
"302"," matur suwun mbaklur alhamdulillah  original by kaos  ambyar karo kowe wae    ati ro kaos"
"303","  menjual dongkiz  block buster seharga  dapatkan  shopee   shopeeid "
"304"," menjual baca deskripsi alb seharga  dapatkan  shopee   "
"305","terbaru cod makassar dompet kartu amp  uang toko tamz termurah seharga    dapatkan produk  hany "
"306","misfil shop jual album tablo epik high fevers end fullset seharga  dapatkan produk    shopee "
"307","misfil shop jual bundle set preloved album iu boa hoya ladies code unb unit nine muses jjy seharga    "
"308"," menjual action figure dinosaur seharga  dapatkan  shopee   "
"309"," menjual action figure dinosaurus na seharga  dapatkan  shopee   "
"310"," menjual  cm ambalan dinding  seharga  dapatkan  shopee   "
"311"," menjual flawed eyeshadow pallete seharga  dapatkan  shopee   "
"312"," menjual celana  jeans seharga  dapatkan  shopee   "
"313"," menjual  cm ambalan dinding  seharga  dapatkan  shopee   "
"314"," tolong dibeli  kunjungi toko   shopee niisaaziza  shopeeid hampers "
"315"," menjual paket l jumbo  slop seharga  dapatkan  shopee   "
"316"," menjual  cm ambalan dinding  seharga  dapatkan  shopee   "
"317"," menjual tanaman hias alocasi seharga  dapatkan  shopee   "
"318","terbaru flash sale shopee  tas tote sling bag mini cod ready makassar toko tamz seharga    "
"319"," menjual  cm ambalan dinding  seharga  dapatkan  shopee   "
"320"," menjual super brow mentol  seharga  dapatkan  shopee   shopeeid "
"321","yuuuk checkout sayang  menjual oversized tshirt hitam spesial seharga  dapatkan  shopee  "
"322"," menjual coffe stik eceran seharga  dapatkan  shopee   shopeeid "
"323"," menjual kopi robusta kg biji  bubuk  java robusta seharga  dapatkan produk    shopee "
"324"," menjual onz telur jangkrik alam seharga  dapatkan  shopee   "
"325"," menjual kgtelur jangkrik alam seharga  dapatkan  shopee   "
"326"," menjual coffe stik eceran seharga  dapatkan  shopee   shopeeid "
"327"," menjual setelan yukensi kanci seharga  dapatkan  shopee   "
"328"," menjual sarung batik el rumi seharga  dapatkan  shopee   shopeeid "
"329"," menjual sarung batik cap merk seharga  dapatkan  shopee   "
"330"," menjual jas koko bordir seharga  dapatkan  shopee   shopeeid "
"331"," menjual sarung batik el rumi seharga  dapatkan  shopee   shopeeid "
"332","wts redy ina  tau   nyari  klk  tl  bantu rt ya    menjual pc dongpyo fankit x seharg "
"333"," menjual anker soundcore ace  seharga  dapatkan  shopee   "
"334"," menjual poco m   seharga  dapatkan  shopee   shopeeid "
"335"," menjual victon  nostalgia seharga  dapatkan  shopee   shopeeid "
"336","  menjual golden child official photocard jibeom jaehyun seharga  dapatkan produk    shopee "
"337"," menjual buku ensiklopedi ens seharga  dapatkan  shopee   "
"338","kunjungi toko   shopee adamprastyono  shopeeid "
"339"," menjual ace  undercover the mad s seharga  dapatkan  shopee   "
"340"," menjual golden child official photocard jibeom jaehyun seharga  dapatkan produk    shopee "
"341"," menjual team  one seharga  dapatkan  shopee   shopeeid "
"342"," menjual set classy special edition  seharga  dapatkan  shopee   "
"343","terbaru cod makassar masker kain tebal oxford premium tali  ikat hijab murah ready toko tamz termurah seha "
"344"," menjual sgluco seharga  dapatkan  shopee   shopeeid "
"345"," menjual sozkia seharga  dapatkan  shopee   shopeeid "
"346"," menjual lee jinhyuk  sol seharga  dapatkan  shopee   shopeeid "
"347"," menjual pc doyoung nct seharga  dapatkan  shopee   shopeeid "
"348"," menjual pc doyoung nct seharga  dapatkan  shopee   shopeeid "
"349"," menjual sharing season greeting nct seharga  dapatkan  shopee   "
"350"," menjual dongkiz  block buster seharga  dapatkan  shopee   shopeeid "
"351"," menjual souvenir centong kayu  seharga  dapatkan  shopee   "
"352"," menjual souvenir centong kayu  seharga  dapatkan  shopee   "
"353"," menjual souvenir solet kayu so seharga  dapatkan  shopee   "
"354"," menjual  ikon  keyring acry seharga  dapatkan  shopee   "
"355"," menjual  cix  photocard pc  seharga  dapatkan  shopee   "
"356"," menjual bts pop up mots tincase coo seharga  dapatkan  shopee   "
"357"," sobat shopee  dapetin smartphone samsung amp  hadiah   yuk follow instagram   bawa pulang hadiahnya"
"358"," stok sharingfullset   cek    pengiriman via air cargo  bandung  baca deskripsi    dp nct  lenticular"
"359","stok sharingfullset   cek    pengiriman via air cargo  bandung  baca deskripsi    dp nct  "
"360"," menjual bts pop up mots logo chocolate seharga  dapatkan  shopee   "
"361"," menjual gidle official lightstick seharga  dapatkan  shopee   shopeeid "
"362"," menjual capri pyjamas black ethnic  seharga  dapatkan  shopee   "
"363"," menjual ustraa face wash for  seharga  dapatkan  shopee   "
"364"," menjual renjun jeno jisung candylab sg sg  reload fp seharga    dapatkan produk in "
"365"," menjual wjsn  as you wish seharga  dapatkan  shopee   shopeeid "
"366"," menjual nota ka yanti seharga  dapatkan  shopee   shopeeid "
"367"," menjual uption official lightstick seharga  dapatkan  shopee   shopeeid "
"368","temukan  dapatkan kaos denimalz day      shopee    "
"369","kunjungi toko   shopee dfashionmurah  shopeeid "
"370"," menjual astro  seasons greetings seharga  dapatkan  shopee   "
"371"," menjual bpom ice sorbet whitening seharga  dapatkan  shopee   "
"372"," menjual seventeen official ph seharga  dapatkan  shopee   "
"373"," menjual seventeen official ph seharga  dapatkan  shopee   "
"374"," menjual seventeen official ph seharga  dapatkan  shopee   "
"375"," menjual tehdaunjaticinatehdietdie seharga  dapatkan  shopee   "
"376"," menjual verivery  face me seharga  dapatkan  shopee   shopeeid "
"377"," menjual seventeen official photocar seharga  dapatkan  shopee   "
"378"," menjual sensi mask duckbill  seharga  dapatkan  shopee   "
"379"," menjual sf  first collection seharga  dapatkan  shopee   shopeeid "
"380"," menjual termurah hijab sport  seharga  dapatkan  shopee   "
"381"," menjual bella dress by lunaci  das seharga  dapatkan  shopee   "
"382"," menjual pc hendery departure seharga  dapatkan  shopee   "
"383"," menjual l jumbo long size  seharga  dapatkan  shopee   "
"384"," menjual cupsleeve jennie blackpink  seharga  dapatkan  shopee   "
"385"," menjual nahda skincarr seharga  dapatkan  shopee   shopeeid "
"386"," menjual seventeen trading car seharga  dapatkan  shopee   "
"387"," menjual seventeen official ph seharga  dapatkan  shopee   "
"388"," menjual some by mi ahabhap seharga  dapatkan  shopee   "
"389"," menjual cosrx ahabha clarif seharga  dapatkan  shopee   "
"390","flash sale everday yuk kepoin  ikuti pastinya ya  rajanyabuku   shopee  shopeeid  shopeehaul "
"391"," menjual souvenir solet kayu so seharga  dapatkan  shopee   "
"392","kunjungi toko   shopee oktavianaditya  shopeeid "
"393"," menjual  stok   seharga  dapatkan  shopee   "
"394"," menjual savana lasercut by s seharga  dapatkan  shopee   "
"395"," menjual madonna album american life seharga  dapatkan  shopee   shopeeid "
"396"," menjual aiko pyjamas by luna seharga  dapatkan  shopee   "
"397"," menjual susu kambing zuzuka seharga  dapatkan  shopee   shopeeid "
"398"," menjual expedition e  e seharga  dapatkan  shopee   "
"399"," menjual ready stock cuphold seharga  dapatkan  shopee   "
"400"," menjual jeruk lemon   jeruk seharga  dapatkan  shopee   "
"401"," menjual  stok  ya gam seharga  dapatkan  shopee   "
"402"," menjual daun hias monstera artifici seharga  dapatkan  shopee   "
"403","terbaru a anting apel merah wanita aksesoris fashion toko tamz ready makassar seharga  dapatkan produk i "
"404"," menjual souvenir solet kayu so seharga  dapatkan  shopee   "
"405"," menjual souvenir centong kayu  seharga  dapatkan  shopee   "
"406"," menjual paket reseller bedda seharga  dapatkan  shopee   "
"407"," menjual souvenir centong kayu  seharga  dapatkan  shopee   "
"408"," menjual souvenir centong kayu  seharga  dapatkan  shopee   "
"409"," menjual red velvet frappe po seharga  dapatkan  shopee   "
"410"," menjual souvenir centong kayu  seharga  dapatkan  shopee   "
"411"," menjual paket l jumbo  slop seharga  dapatkan  shopee   "
"412","  menjual celana kpop doll boneka cm seharga  dapatkan produk    shopee "
"413","  menjual yellow board  karton  packing photocard seharga  dapatkan produk    shopee "
"414"," menjual souvenir centong kayu  seharga  dapatkan  shopee   "
"415"," menjual celana kpop doll boneka cm seharga  dapatkan produk    shopee "
"416"," ready pinkroulette facemask  free gift  reseller resmi   seharga      shopeeid htt"
"417"," menjual ready stock season greetings nct  member set seharga    dapatkan produk  han "
"418"," menjual legging anak murah baby     potongan      dapatkan  d "
"419"," menjual starter daphia magna seharga  dapatkan  shopee   shopeeid "
"420"," menjual souvenir centong kayu  seharga  dapatkan  shopee   "
"421","  menjual yellow board  karton  packing photocard seharga  dapatkan produk    shopee "
"422"," menjual  nego pc hendery depa seharga  dapatkan  shopee   "
"423"," menjual daster rayon kekinian model long rufle serut  busuy  potongan    dapatkan seg "
"424"," menjual  kirim masker sen seharga  dapatkan  shopee   "
"425"," menjual tube eceran  poster uk cm seharga  dapatkan produk    shopee "
"426"," menjual yellow board  karton  packing photocard seharga  dapatkan produk    shopee "
"427"," menjual kaos  anak singlet anakpakaian  anak harga perlusin seharga    dapatkan "
"428"," menjual buku atlas alquran seharga  dapatkan  shopee   "
"429"," menjual photo kari seharga    dapatkan  shopee   "
"430"," menjual ready stock bts al seharga  dapatkan  shopee   "
"431"," menjual souvenir centong kayu  seharga  dapatkan  shopee   "
"432"," menjual souvenir centong kayu  seharga  dapatkan  shopee   "
"433"," menjual some by mi snail tru seharga  dapatkan  shopee   "
"434","izin yaaa kak   edit video yg pas   acara shopeeid  celebrate yearswithgot"
"435"," menjual caipo asin  lobak seharga  dapatkan  shopee   "
"436","haiii twitter  menjual pajamas  piyama premium   oneset series ori by vente rona clara akina citra alan "
"437"," menjual baju bulutangkis yone seharga  dapatkan  shopee   "
"438"," menjual uang cantik seri gct seharga  dapatkan  shopee   "
"439"," menjual somebymi yuja niacin seharga  dapatkan  shopee   "
"440"," menjual pupuk kalium cair kalium phospat bio kalium seharga  dapatkan produk    shopee "
"441"," menjual sticker tempelan alamat pen seharga  dapatkan  shopee   "
"442"," menjual souvenir centong kayu  seharga  dapatkan  shopee   "
"443"," menjual souvenir solet kayu so seharga  dapatkan  shopee   "
"444","temukan  dapatkan solder iron automatic tin gun w    shopee   "
"445"," menjual sabun kedas beauty seharga  dapatkan  shopee   shopeeid "
"446","temukan  dapatkan solder iron automatic tin gun w    shopee   "
"447"," menjual souvenir centong kayu  seharga  dapatkan  shopee   "
"448"," menjual amalan ringan  seharga  dapatkan  shopee   "
"449"," menjual souvenir solet kayu so seharga  dapatkan  shopee   "
"450"," menjual sale blackpink the  seharga  dapatkan  shopee   "
"451"," menjual expedition e  e ori seharga  dapatkan  shopee   "
"452"," menjual asli  lianhua qingwen jiaonang isi  capsul seharga  dapatkan produk    shope "
"453","temukan  dapatkan promo tool solder listrik lengkap  set  watt  volt  multi tester digital  mata solder "
"454","temukan  dapatkan promo tool solder listrik lengkap  set  watt  volt  multi tester digital  mata solder "
"455"," menjual amalan ringan  menakj seharga  dapatkan  shopee   "
"456","  menjual sale   cathy doll glow gel tint seharga  dapatkan produk    shopee "
"457","  menjual sale   cathy doll glow gel tint seharga  dapatkan produk    shopee "
"458","im selling wtt  wts got breath of love for  get it on shopee now  shopeeid "
"459"," menjual xiaomi redmi note  new colour  sunset red  potongan      dapa "
"460"," menjual celana baggy pants cloudy seharga  dapatkan  shopee   shopeeid "
"461"," menjual madu liar sumbawa  seharga  dapatkan  shopee   "
"462"," menjual produk terbaru  reguler  seharga  dapatkan  shopee   "
"463"," menjual kaos distro bm original seharga  dapatkan  shopee   "
"464"," menjual kaos distro murah seharga  dapatkan  shopee   shopeeid "
"465","  menjual charis m madecassoside cica cream seharga  dapatkan produk    shopee "
"466"," menjual treasure first step chapter one two three album sharing photocard pc hyunsuk jaehyuk junkyu seharga  "
"467"," menjual kaos distro bm original seharga  dapatkan  shopee   "
"468","terbaru c cincin wanita fashion toko tamz ready makassar seharga  dapatkan produk    shopee "
"469"," menjual kaos distro bm original seharga  dapatkan  shopee   "
"470"," menjual kaos anak cewe murah  seharga  dapatkan  shopee   "
"471"," menjual aki motor rx king mo seharga  dapatkan  shopee   "
"472"," menjual aki motor ninja r seharga  dapatkan  shopee   "
"473"," menjual my little pony  amp  transformer  seharga  dapatkan produk    shopee "
"474"," menjual double tape magic nano seharga  dapatkan  shopee   shopeeid "
"475"," menjual kaos distro bm original seharga  dapatkan  shopee   "
"476"," menjual paket rumi seharga  dapatkan  shopee   shopeeid "
"477"," menjual seventeen official ph seharga  dapatkan  shopee   "
"478"," menjual kaos distro murah seharga  dapatkan  shopee   shopeeid "
"479"," menjual nct amp  wayv seharga  dapatkan  shopee   shopeeid "
"480"," menjual kaos distro bm original seharga  dapatkan  shopee   "
"481","  menjual suplemen alami peningkat stamina plus  potongan    dapatkan   shopee "
"482"," sobat shopee     dapetin gadget gratis yuk ikutan giveaway  instagram shopee barokah shopee for men shop"
"483"," menjual aki motor ninja r seharga  dapatkan  shopee   "
"484","  rangka seungkwan bday   adain diskon   seungkwanan yyoo boosadan  wl nya   diborong mum"
"485"," rangka seungkwan bday   adain diskon   seungkwanan yyoo boosadan  wl nya   diboron "
"486"," menjual share in jar avoskin  seharga  dapatkan  shopee   "
"487"," menjual aki motor rx king mo seharga  dapatkan  shopee   "
"488"," menjual express it eyeshadow seharga  dapatkan  shopee   "
"489"," menjual t shimcf lakers basketba seharga  dapatkan  shopee   "
"490"," menjual sweater hoodie ninja seharga  dapatkan  shopee   "
"491"," menjual tensimeter digital  suara tensione a onemed  potongan    dapatkan sege "
"492"," menjual bedak twc latulipe seharga  dapatkan  shopee   shopeeid "
"493"," menjual lantai kayu natural  seharga  dapatkan  shopee   "
"494"," menjual parket pemium spc seharga  dapatkan  shopee   shopeeid "
"495"," menjual lantaikayuparket seharga  dapatkan  shopee   shopeeid "
"496"," menjual seventeen official ph seharga  dapatkan  shopee   "
"497"," menjual kaos tshirt baju osp seharga  dapatkan  shopee   "
"498"," menjual lantai kayu  vinil seharga  dapatkan  shopee   shopeeid "
"499"," menjual sale   cathy doll glow gel tint seharga  dapatkan produk    shopee "
"500"," menjual kaos tshirt baju war seharga  dapatkan  shopee   "
"501"," menjual t shitee off white simps seharga  dapatkan  shopee   "
"502","kaos polo kokam muhammadiyah pria bordir  kpps  navy dapatkan produk   shopee  "
"503"," menjual t shiguess x asap rocky  seharga  dapatkan  shopee   "
"504"," menjual masker sensi duckbill seharga  dapatkan  shopee   "
"505","kumpulkan tiket  menangkan samsung galaxy s fe  shopee capit ayo main shopee capit  shopeecapit "
"506"," strap mask guysssss yuk mampir  tokoku  shopeeid "
"507","  menjual charis m madecassoside cica cream seharga  dapatkan produk    shopee "
"508","kali aja lg beruntung    shopeegiveawaynctdream  nctdream shopee shopeeid "
"509"," menjual txt bluehour album only seharga  dapatkan produk    shopee  "
"510"," menjual gamis jo seharga    dapatkan  shopee   "
"511"," menjual sticker decal stripi seharga  dapatkan  shopee   "
"512"," menjual kaos tshirt baju pem seharga  dapatkan  shopee   "
"513"," menjual hook  iring hp seharga  dapatkan produk    shopee  "
"514"," menjual kaos shimano  kaos m seharga  dapatkan  shopee   "
"515"," menjual photocard shotaro nct depar seharga  dapatkan  shopee   "
"516"," menjual pesanan kak maddy seharga  dapatkan  shopee   shopeeid "
"517"," menjual figura kaca  uk seharga  dapatkan  shopee   "
"518"," sobat shopee     dapetin gadget gratis yuk ikutan giveaway  instagram shopee barokah shopee for men shop"
"519"," sobat shopee  dapetin smartphone samsung amp  hadiah   yuk follow instagram   bawa pulang hadiahnya"
"520"," menjual handsfreeheadsetearphone  seharga  dapatkan  shopee   "
"521"," menjual masker duckbill anak  seharga  dapatkan  shopee   "
"522"," menjual gantungan kunci paris  seharga  dapatkan  shopee   "
"523"," menjual masker duckbill pcs  seharga  dapatkan  shopee   "
"524"," menjual pinata ulang  emo  seharga  dapatkan  shopee   shopeeid "
"525","  shopeeid"
"526"," strap mask guysssss yuk mampir  tokoku  shopeeid "
"527"," menjual produk terbaru regule seharga  dapatkan  shopee   "
"528"," menjual masker duckbill pcs  seharga  dapatkan  shopee   "
"529"," menjual lego  ideas i seharga  dapatkan  shopee   "
"530"," menjual pinata ulang  star  seharga  dapatkan  shopee   "
"531"," menjual power  channel skel seharga  dapatkan  shopee   "
"532"," menjual alarm lagu alarm mp seharga  dapatkan  shopee   "
"533","im selling maybellline superstay matte ink  for  get it on shopee now  "
"534"," menjual knalpot creampie s seharga  dapatkan  shopee   "
"535","  shopeeid    shopeeid    shopeeid"
"536"," menjual knalpot racing ori seharga  dapatkan  shopee   "
"537"," menjual masker duckbill seharga  dapatkan  shopee   shopeeid "
"538"," menjual bugu kopi temanggung o seharga  dapatkan  shopee   "
"539"," menjual stray kids go live photocard han member copy pose seharga  dapatkan produk    shope "
"540"," menjual bugu kopi aceh gayo ar seharga  dapatkan  shopee   "
"541"," menjual knalpot creampie s seharga  dapatkan  shopee   "
"542"," menjual bugu kopi arabika ijen seharga  dapatkan  shopee   "
"543"," menjual knalpot creampie s seharga  dapatkan  shopee   "
"544"," menjual bugu kopi aceh gayo a seharga  dapatkan  shopee   "
"545"," menjual safitri couple emerald seharga  dapatkan  shopee   shopeeid "
"546"," menjual bugu kopi muria java o seharga  dapatkan  shopee   "
"547"," menjual rak gantung cas handph seharga  dapatkan  shopee   "
"548"," menjual bugu kopi lampung orig seharga  dapatkan  shopee   "
"549"," menjual  buah sikat gagang  cm  seharga  dapatkan  shopee   "
"550","strap mask guysssss yuk mampir  tokoku  shopeeid "
"551"," menjual bugu kopi lampung orig seharga  dapatkan  shopee   "
"552","  menjual charis m madecassoside cica cream seharga  dapatkan produk    shopee "
"553"," menjual bugu kopi aceh gayo ar seharga  dapatkan  shopee   "
"554"," menjual jafra royal boost ye seharga  dapatkan  shopee   "
"555","kunjungi toko   shopee edwarsastraputra  shopeeid "
"556"," menjual nirina acid crop jaket  seharga  dapatkan  shopee   "
"557"," menjual bugu kopi arabika ijen seharga  dapatkan  shopee   "
"558"," menjual jafra royal boost putih un seharga  dapatkan  shopee   "
"559"," menjual ready stok the boy seharga  dapatkan  shopee   "
"560"," menjual kalung masker mutiara seharga  dapatkan  shopee   "
"561"," menjual bugu kopi aceh gayo a seharga  dapatkan  shopee   "
"562"," menjual charis m madecassoside cica cream seharga  dapatkan produk    shopee "
"563","im selling maybellline superstay matte ink  for  get it on shopee now  "
"564"," menjual bugu kopi aceh gayo a seharga  dapatkan  shopee   "
"565"," menjual gantungan tas kunci  seharga  dapatkan  shopee   "
"566"," menjual nirina acid crop jaket  seharga  dapatkan  shopee   "
"567"," menjual ready stock offici seharga  dapatkan  shopee   "
"568","misfil shop jual vt cosmetics cica care sleeping mask  potongan    dapatkan   shope "
"569"," menjual free jam tangan tas wanita zara soft rocker crossbody  fashion women sling bag  potongan  "
"570"," menjual acone skin masker orga seharga  dapatkan  shopee   "
"571"," menjual mini brush blush on seharga  dapatkan  shopee   shopeeid "
"572"," menjual tali tambang masker h seharga  dapatkan  shopee   "
"573"," menjual champion action style big c seharga  dapatkan  shopee   "
"574"," menjual garnier micellar water pink skin care  ml  potongan    dapatkan   "
"575"," menjual loreal paris uv perfect sunscreen skin care spf   pa    ml  potongan    "
"576"," menjual oversize rosela seharga  dapatkan  shopee   shopeeid "
"577"," menjual ready stock official bts  seharga  dapatkan  shopee   "
"578"," menjual noosy nano sim card a seharga  dapatkan  shopee   "
"579"," menjual rak peralatan bumbu dapur seharga  dapatkan  shopee   shopeeid "
"580"," menjual baca deskripsi ope seharga  dapatkan  shopee   "
"581"," menjual noosy nano sim card adapter seharga  dapatkan  shopee   shopeeid "
"582"," menjual rantai kalung masker  seharga  dapatkan  shopee   "
"583"," menjual jafra tone wipes tissue pe seharga  dapatkan  shopee   "
"584"," menjual poupeepou masker organik   seharga  dapatkan  shopee   "
"585"," menjual baca deskripsi ope seharga  dapatkan  shopee   "
"586"," menjual bugu kopi kopi muria j seharga  dapatkan  shopee   "
"587"," menjual oversize rosela seharga  dapatkan  shopee   shopeeid "
"588"," menjual produk terbaru regule seharga  dapatkan  shopee   "
"589"," menjual cemilan serba seribu  makaroni makroni bantet spiral seblak  potongan    da "
"590"," menjual champion action styl seharga  dapatkan  shopee   "
"591"," menjual jafra royal jelly li seharga  dapatkan  shopee   "
"592"," menjual pesanan kak syh seharga  dapatkan  shopee   shopeeid "
"593"," menjual jafra royal jelly lipstik seharga  dapatkan  shopee   shopeeid "
"594","matur suwun mbaklur alhamdulillah  original by kaos  ambyar karo kowe wae    ati "
"595"," menjual koleksi nasyid raihan seharga  dapatkan  shopee   shopeeid "
"596"," menjual sepatu snekers pria nb  seharga  dapatkan  shopee   shopeeid "
"597"," menjual alarm lagu alarm mp seharga  dapatkan  shopee   "
"598"," menjual winly kalimba  keys berku seharga  dapatkan  shopee   "
"599"," menjual elformula sleeping mask in seharga  dapatkan  shopee   "
"600"," menjual greenday international supe seharga  dapatkan  shopee   "
"601"," menjual seventeen semicolon m seharga  dapatkan  shopee   "
"602"," menjual seventeen semicolon m seharga  dapatkan  shopee   "
"603","  shopeegiveawaynctdream  shopeegiveawaynctdream  shopeegiveawaynctdream  "
"604"," menjual beauty glow brightening seharga  dapatkan  shopee   shopeeid "
"605","shopeeid shopeetanam ayo panen pohon tabungan lipat gandakan koinmu  "
"606","sharing bts be seharga    dapatkan  shopee   shopeeid "
"607"," menjual vilchic black head mas seharga  dapatkan  shopee   "
"608"," menjual sade lovers rock seharga  dapatkan  shopee   shopeeid "
"609"," menjual magic repair serum bnyu kh seharga  dapatkan  shopee   "
"610"," menjual masker daisy organic  seharga  dapatkan  shopee   "
"611"," menjual gotta fight the demogorgon  seharga  dapatkan  shopee   "
"612"," menjual photocard yoshi seharga  dapatkan  shopee   shopeeid "
"613","terbaru c cincin wanita import fashion toko tamz ready makassar seharga  dapatkan produk    s "
"614"," menjual masker peel of quinzy seharga  dapatkan  shopee   "
"615"," menjual jafra royal boost yellow k seharga  dapatkan  shopee   "
"616"," menjual jarum pentul h seharga  dapatkan produk    shopee  "
"617"," menjual bts memories of  seharga  dapatkan  shopee   "
"618"," menjual sandal jepit wanita quicksurf   sendal jepit cewek  sandal pantai  woman slipper  potonga "
"619"," menjual sticker pengiriman  ol seharga  dapatkan  shopee   "
"620"," menjual kaos polos  ca seharga  dapatkan  shopee   "
"621"," menjual knalpot road race jupiter z seharga  dapatkan  shopee   "
"622"," menjual fahaka puffer  ikan  seharga  dapatkan  shopee   "
"623"," menjual piu piu vegetable face seharga  dapatkan  shopee   "
"624"," menjual acne solution for men bnyu seharga  dapatkan  shopee   "
"625"," menjual jb jockstrap pria bs collections  potongan    dapatkan   shopee "
"626","wts jual photocard the boyz boy unit juric  yukk liat  shopee  tau    check out   tags wts "
"627"," menjual pesanan kak cella seharga  dapatkan  shopee   shopeeid "
"628"," menjual br brief pria pump mens underwear brief pump  potongan    dapatkan sege "
"629"," menjual jafra creme blush in seharga  dapatkan  shopee   shopeeid "
"630"," menjual mama lime total clean seharga  dapatkan  shopee   "
"631"," menjual rinso matic bukaan de seharga  dapatkan  shopee   "
"632"," sobat shopee dapetin samsung gratis   ikutan giveaway  ig shopeeformen buruan follow amp  ikutan    "
"633"," menjual head amp  shoulders clea seharga  dapatkan  shopee   "
"634"," menjual ter laris vico oil seharga  dapatkan  shopee   "
"635","  dapetin smartphone kece   komen amp  follow ig shopeeformen aja lho  yuk buruan ikutan giveawaynya    ht"
"636"," menjual bx boxer pria aussiebum  potongan    dapatkan   shopee "
"637"," menjual kode ymrb tas laptop ipad impor tas buku musik tas sekolah  potongan    "
"638"," menjual toner moisturizer bnyu men seharga  dapatkan  shopee   "
"639"," menjual scrub coffee sr lul seharga  dapatkan  shopee   "
"640"," menjual mama lime total clean seharga  dapatkan  shopee   "
"641"," menjual bike n bike  sepeda seharga  dapatkan  shopee   "
"642"," done wish me luck  ig yulichan shopeeid "
"643"," menjual pesanan kak ayu seharga  dapatkan  shopee   shopeeid "
"644"," menjual bike n bike  sepeda seharga  dapatkan  shopee   "
"645"," menjual wts merch official nc seharga  dapatkan  shopee   "
"646"," menjual jafra ginger sea salt amp  bod seharga  dapatkan  shopee   "
"647"," menjual sabun cofee  soap bu seharga  dapatkan  shopee   "
"648"," menjual gitar taylor double run seharga  dapatkan  shopee   "
"649","sticker drama favorite k   berminat  langsung checkout  link dibawah  yaa bantu like  rt "
"650"," menjual acone skin masker orga seharga  dapatkan  shopee   "
"651"," menjual kathrine bag seharga  dapatkan  shopee   shopeeid "
"652"," menjual bimoli klasik  liter seharga  dapatkan  shopee   shopeeid "
"653"," menjual alarm lagu alarm mp seharga  dapatkan  shopee   "
"654","  shopeeid  shopeeid"
"655"," menjual antiseptik bnyu ml terl seharga  dapatkan  shopee   "
"656"," menjual kode jp jockstrap pria merk pump  potongan    dapatkan   shopee "
"657","  aquarius  eyes wide open shopeeid "
"658","  aquarius  eyes wide open shopeeid "
"659","  aquarius  eyes wide open shopeeid "
"660","  aquarius  eyes wide open shopeeid "
"661"," menjual oreo beng beng mask amp  seharga  dapatkan  shopee   "
"662","  aquarius  eyes wide open shopeeid "
"663"," menjual jilbab segiempat organza crepe seharga  dapatkan  shopee   "
"664"," menjual lifebuoy cair merah  seharga  dapatkan  shopee   "
"665","  aquarius  eyes wide open shopeeid "
"666","  aquarius  eyes wide open shopeeid "
"667","  aquarius   eyes wide open shopeeid "
"668"," menjual rak piring rovega   seharga  dapatkan  shopee   "
"669","  aquarius   eyes wide open shopeeid "
"670"," menjual child protective mask seharga  dapatkan  shopee   "
"671","  aquarius   eyes wide open shopeeid "
"672"," menjual buku majmu syarif sc  seharga  dapatkan  shopee   "
"673"," menjual jafra foundation spf  seharga  dapatkan  shopee   shopeeid "
"674"," menjual zaheera dress busui bahan katun rayon viscose seharga  dapatkan produk    shopee "
"675"," menjual buku majmu syarif hc  seharga  dapatkan  shopee   "
"676"," menjual shad sh black  box motor cocok  mio beat nex seharga  dapatkan produk    "
"677","terbaru c cincin fashion import wanita toko tamz ready makassar seharga  dapatkan produk    s "
"678"," menjual jafra mud mask ml seharga  dapatkan  shopee   shopeeid "
"679"," menjual setelan atasan brukat celan seharga  dapatkan  shopee   "
"680"," menjual mamas amp  papas  baby seharga  dapatkan  shopee   "
"681"," menjual buku petunjuk teknis  seharga  dapatkan  shopee   "
"682"," menjual sparkling water suruh bnyu seharga  dapatkan  shopee   "
"683"," menjual belle beaute petal mas seharga  dapatkan  shopee   "
"684"," menjual mamas amp  papas  baby seharga  dapatkan  shopee   "
"685"," menjual aerostreet  tiger d cartoon  biru peach  hijau orange  sepatu sneakers sekolah pria wanita  "
"686"," menjual tenda naturehike pro seharga  dapatkan  shopee   "
"687"," menjual jafra royal olive body lotion seharga  dapatkan  shopee   "
"688"," menjual gamis tutu seharga  dapatkan  shopee   shopeeid "
"689"," menjual tas wanita sling bag seharga  dapatkan  shopee   shopeeid "
"690","  shopeeid   shopeeid"
"691"," menjual produk terbaru premiu seharga  dapatkan  shopee   "
"692"," menjual produk terbaru regul seharga  dapatkan  shopee   "
"693"," menjual lempok  lempuk d seharga  dapatkan  shopee   "
"694"," menjual premium pet bandana  seharga  dapatkan  shopee   "
"695"," menjual mamas amp  papas  baby snug s seharga  dapatkan  shopee   "
"696"," menjual monsta x official goods pho seharga  dapatkan  shopee   "
"697"," menjual sandal hak  mika cm seharga  dapatkan  shopee   "
"698"," menjual sandal hak  mika cm seharga  dapatkan  shopee   shopeeid "
"699"," menjual baca deskripsi ope seharga  dapatkan  shopee   "
"700"," menjual produk terbaru regule seharga  dapatkan  shopee   "
"701"," menjual produk terbaru regule seharga  dapatkan  shopee   "
"702"," menjual produk terbaru regul seharga  dapatkan  shopee   "
"703","loreal paris fall resist x anti hairfall shampoo ml  potongan       "
"704","loreal paris fall resist x anti hairfall shampoo ml  potongan      "
"705"," menjual produk terbaru premiu seharga  dapatkan  shopee   "
"706"," menjual baca deskripsiopen seharga  dapatkan  shopee   "
"707"," menjual sabun tzuki original  seharga  dapatkan  shopee   "
"708","ready pinkroulette facemask  free gift  reseller resmi  seharga      "
"709","ready pinkroulette facemask  free gift  reseller resmi   seharga      "
"710"," menjual vichira masker organik seharga  dapatkan  shopee   "
"711"," menjual atasan v neck wrap belt orange  kuning seharga  dapatkan produk    shopee "
"712"," menjual belle beaute petal mas seharga  dapatkan  shopee   "
"713","ready chava facemist by chaiza  ml  saffron facemist  facemist saffron zamzam  zamron murah   seharga  "
"714","dp po sharing nct photobook dream a dream seharga  dapatkan produk    shopee "
"715","dp preorder sharing nct  back to school jaehyun doyoung mark taeyong haechan seharga    da "
"716"," menjual oreo beng beng mask amp  seharga  dapatkan  shopee   "
"717","dp preorder sharing nct dream back to school jaemin mark haechan seharga    dapatkan produk  "
"718","dp preorder sharing nct lenticular photocard set resonance  seharga    dapatkan produk   "
"719"," menjual acone skin masker orga seharga  dapatkan  shopee   "
"720"," menjual oreo beng beng mask amp  scrub seharga  dapatkan  shopee   "
"721"," menjual readystock album e seharga  dapatkan  shopee   "
"722"," menjual toner moisturizer bnyu ml seharga  dapatkan  shopee   "
"723"," menjual tissue paseo travel pack seharga  dapatkan  shopee   "
"724"," menjual biskuit marie wijen  seharga  dapatkan  shopee   "
"725"," menjual produk terbaru premiu seharga  dapatkan  shopee   "
"726"," menjual sambel kacangsambel pecel  seharga  dapatkan  shopee   "
"727"," menjual produk terbaru regul seharga  dapatkan  shopee   "
"728"," menjual panggangan portable  seharga  dapatkan  shopee   "
"729"," menjual produk terbaru regule seharga  dapatkan  shopee   "
"730","neh  yg  nikah  pesan cincin kawin couple nikahtunangan gratis tulis ukir nama garansi emas putih "
"731","terbaru c cincin wanita unik topeng mask toko tamz aksesoris ready makassar seharga  dapatkan produk in "
"732"," menjual shamo usa asel breok seharga  dapatkan  shopee   shopeeid "
"733"," menjual baju wisuda cumlaude seharga  dapatkan  shopee   "
"734"," menjual saffron face mist bn seharga  dapatkan  shopee   "
"735"," menjual bunga mawar tangkai p seharga  dapatkan  shopee   "
"736","kuota nya kakak temukan paket gift data  kuota indosat ooredoo  potongan      da "
"737"," menjual reguler  kerupuk asse seharga  dapatkan  shopee   "
"738","handfan kipas kpop nuest red velvet ha sung woon  shopeeid puncakshopee shopee "
"739"," menjual face mist saffron bn seharga  dapatkan  shopee   "
"740","kalo    cetak   jg heuheuuu   menjual solo leveling gantungan kunci anime akrilik gc s "
"741"," menjual reguler  kerupuk ass seharga  dapatkan  shopee   "
"742"," menjual face mist saffron bn seharga  dapatkan  shopee   "
"743"," menjual premium  kerupuk asse seharga  dapatkan  shopee   "
"744"," menjual photocard postcard tr seharga  dapatkan  shopee   "
"745"," menjual photocard postcard tr seharga  dapatkan  shopee   "
"746"," menjual genshin impact gantungan kunci anime akrilik gc seharga  dapatkan produk    sh "
"747"," menjual promo arla babyamp me o seharga  dapatkan  shopee   "
"748"," menjual kerupuk asseed kerupuk bij seharga  dapatkan  shopee   "
"749"," menjual chilschool platinum  seharga  dapatkan  shopee   "
"750"," menjual saffron face mist bnyu ml seharga  dapatkan  shopee   shopeeid "
"751","gw   beli kalung suho tpi terhalang ongkir be like shopeeid truebeautywebtoon "
"752"," menjual kerupuk asseed kerup seharga  dapatkan  shopee   "
"753"," sobat shopee  dapetin smartphone samsung amp  hadiah   yuk follow instagram   bawa pulang hadiahnya"
"754"," sobat shopee  dapetin smartphone samsung amp  hadiah   yuk follow instagram   bawa pulang hadiahnya"
"755"," bangettttttt semoga aja beruntung shopeegiveawaynctdream shopeeid "
"756"," menjual kerupuk asseed kerupu seharga  dapatkan  shopee   "
"757"," menjual tiysil sweater seharga  dapatkan  shopee   shopeeid "
"758"," menjual mascara hyper curl maybelline seharga  dapatkan produk    shopee "
"759"," menjual bts sweat shile  seharga  dapatkan  shopee   "
"760"," menjual rok tutu mutiara seharga  dapatkan  shopee   shopeeid "
"761","  menjual baju kucinga seharga  dapatkan produk    shopee  shopeeid ht"
"762"," menjual kerupuk asseed kerupu seharga  dapatkan  shopee   "
"763"," menjual pakaian wanita atasan seharga  dapatkan  shopee   "
"764"," menjual kerupuk asseed kerupuk bij seharga  dapatkan  shopee   "
"765"," menjual pakaian wanita atasa seharga  dapatkan  shopee   "
"766"," menjual mamas choice  tooth seharga  dapatkan  shopee   "
"767"," menjual rok tutu mutiara seharga  dapatkan  shopee   shopeeid "
"768"," menjual pakaian wanita atasa seharga  dapatkan  shopee   "
"769"," menjual pakaian wanita atasan seharga  dapatkan  shopee   "
"770","siram duluan auto sirbal shopeeid shopeetanam shopeearisan  "
"771","teman   shopee bantuin  butuh nyawa tambahan  shopee bubble  shopeeid"
"772"," menjual taera outer seharga  dapatkan  shopee   shopeeid "
"773"," menjual fashion wanita ootd h seharga  dapatkan  shopee   "
"774"," menjual seni membaca  seharga  dapatkan produk    shopee  "
"775"," menjual pakaian wanita atasa seharga  dapatkan  shopee   "
"776"," menjual bibit kelapa pandan  seharga  dapatkan  shopee   "
"777"," menjual kerupuk asseed kerupu seharga  dapatkan  shopee   "
"778"," menjual pakaian wanita atasa seharga  dapatkan  shopee   "
"779"," menjual kerupuk asseed kerupu seharga  dapatkan  shopee   "
"780"," menjual kerupuk asseed kerupu seharga  dapatkan  shopee   "
"781"," menjual makanan hamster mix  seharga  dapatkan  shopee   "
"782"," menjual kerupuk asseed kerupuk bij seharga  dapatkan  shopee   "
"783"," menjual mamas amp  papas baby  seharga  dapatkan  shopee   "
"784"," menjual fashion muslim wanit seharga  dapatkan  shopee   "
"785","ayo panen pohon tabungan lipat gandakan koinmu shopeetanam shopeeid  "
"786","atasan wanita  menjual atasan wanita outerw seharga  dapatkan  shopee  "
"787"," menjual blackmores vitamin c mg  seharga  dapatkan  shopee   "
"788","sabun toko  menjual handsoap antiseptik gklin seharga  dapatkan produk    shopee "
"789"," menjual wbs cod jam tangan wa seharga  dapatkan  shopee   "
"790"," menjual mamas amp  papas baby  seharga  dapatkan  shopee   "
"791"," menjual skirt button jeans o seharga  dapatkan  shopee   "
"792"," menjual fingertip oximeter pu seharga  dapatkan  shopee   "
"793"," menjual wbs cod jam tangan ru seharga  dapatkan  shopee   "
"794"," menjual official wanna one  seharga  dapatkan  shopee   "
"795"," sobat shopee  dapetin smartphone samsung amp  hadiah   yuk follow instagram   bawa pulang hadiahnya"
"796","celana cino pria cutbray  menjual celana cino cutbray  seharga  dapatkan  shopee  "
"797"," menjual oximeter lk seharga  dapatkan  shopee   shopeeid "
"798"," menjual blazer wanita casual informal modern motif tie dye kuning  pink  random ink grafitti seharga  "
"799"," menjual timepiece jhw  ori by jim seharga  dapatkan  shopee   "
"800"," menjual blazer wanita casual informal modern motif tie dye kuning  pink  random ink grafitti seharga  "
"801"," menjual sepatu pria nike jord seharga  dapatkan  shopee   "
"802"," menjual day iyagi buku biografi day seharga  dapatkan produk    shopee "
"803"," menjual wbs cod jam tangan rub seharga  dapatkan  shopee   "
"804"," menjual blazer wanita casual informal modern motif tie dye kuning  pink  random ink grafitti seharga  "
"805","jam tangan pria  menjual jam tangan pria tal seharga  dapatkan  shopee  "
"806"," menjual cod mesin japan  jam seharga  dapatkan  shopee   "
"807"," menjual dress mini casual party classy lady dot kuning seharga  dapatkan produk    shopee "
"808"," menjual kardigan rajut pink  hijau tua  abu  kuning  hitam  navy  khaki abu  knit cardigan seharga  "
"809"," menjual atasan lengan  kemeja wanita motif tie dye biru kuning seharga  dapatkan produk  h "
"810","jam tangan pria analog  menjual jam tangan pria type seharga  dapatkan  shopee  "
"811"," menjual wbs cod jam tangan co seharga  dapatkan  shopee   "
"812"," menjual album only nct pt seharga  dapatkan  shopee   "
"813"," menjual amarilis merah k seharga  dapatkan produk    shopee  "
"814"," menjual tricks crisps baked po seharga  dapatkan  shopee   "
"815"," menjual obat herbal halal la seharga  dapatkan  shopee   "
"816"," menjual obat herbal halal la seharga  dapatkan  shopee   "
"817"," hayooo ngaku  mimin   suka kaya gini  nih   malem  tidur cepet     buka aplikasi s"
"818"," menjual wbs cod jam tangan jel seharga  dapatkan  shopee   "
"819"," menjual gentongbak mandi teraso seharga  dapatkan  shopee   shopeeid "
"820"," menjual xonce  box isi  t seharga  dapatkan  shopee   "
"821"," menjual daster bunga seharga  dapatkan  shopee   shopeeid "
"822"," menjual modul led bagasi mobi seharga  dapatkan  shopee   "
"823"," menjual gentongbak mandi teraso seharga  dapatkan  shopee   shopeeid "
"824"," menjual keladi  potongan    dapatkan   shopee  shopeeid "
"825"," menjual bts be album deluxe edition seharga  dapatkan  shopee   "
"826"," menjual amarilis merah  potongan    dapatkan   shopee  "
"827"," sobat shopee yuk screenshot hadiah merchandise kpop     reply   screenshotan  sebanyakbanyaknya ya"
"828"," menjual wbs cod jam tangan mo seharga  dapatkan  shopee   "
"829"," menjual tanaman pegaganpegagan antana  potongan    dapatkan   shopee "
"830"," menjual tricks crisps baked po seharga  dapatkan  shopee   "
"831"," menjual norge appliances  seharga  dapatkan  shopee   "
"832"," menjual  bilang  m seharga  dapatkan  shopee   "
"833"," menjual cinta  marah  ku seharga  dapatkan  shopee   "
"834"," menjual  bilang  m seharga  dapatkan  shopee   "
"835"," menjual softcase laptop  in seharga  dapatkan  shopee   "
"836"," menjual softcase laptop  in seharga  dapatkan  shopee   "
"837"," menjual the lord of the rings seharga  dapatkan  shopee   "
"838"," menjual manjali  ayu utami seharga  dapatkan  shopee   shopeeid "
"839"," menjual drupadi  seno gumira seharga  dapatkan  shopee   "
"840"," menjual gentongbak mandi teraso seharga  dapatkan  shopee   shopeeid "
"841"," menjual seri tempo gie  tempo seharga  dapatkan  shopee   "
"842"," menjual the new seikatsu kaiz seharga  dapatkan  shopee   "
"843"," menjual menyusu celeng  huse seharga  dapatkan  shopee   "
"844"," menjual tales from the perilo seharga  dapatkan  shopee   "
"845"," menjual eragon  christopher seharga  dapatkan  shopee   "
"846"," menjual the lord of the rings seharga  dapatkan  shopee   "
"847"," menjual air katakata  sindh seharga  dapatkan  shopee   "
"848"," menjual kemeja pria lengan pa seharga  dapatkan  shopee   "
"849"," menjual lingkar tanah lingkar seharga  dapatkan  shopee   "
"850"," menjual kumpulan budak setan  seharga  dapatkan  shopee   "
"851"," menjual wbs cod jam tangan pr seharga  dapatkan  shopee   "
"852"," menjual sang penjaga  t seharga  dapatkan  shopee   "
"853"," menjual kaleidoscope of memor seharga  dapatkan  shopee   "
"854"," menjual cadl   novel t seharga  dapatkan  shopee   "
"855"," menjual trias muslimatika edi seharga  dapatkan  shopee   "
"856"," menjual softcase laptop  in seharga  dapatkan  shopee   "
"857"," nctzen yuk bantu mimin lengkapi puzzle album nct  resonance pt   langsung aja reply   ya  tungguin "
"858","wts   menjual chanyeol exo wellcome kit  set  nego  wajar   shopeeid"
"859","dm mobile lejong nya kakak  temukan  dapatkan top up diamonds mobile legend bang bang mlbb part    "
"860"," menjual jam tangan pria anti  seharga  dapatkan  shopee   "
"861","kunjungi toko   shopee polosaneui  shopeeid "
"862"," menjual tudung saji glossy  seharga  dapatkan  shopee   "
"863"," menjual rubber sspos  seharga  dapatkan  shopee   "
"864"," menjual bak mandigentong teraso seharga  dapatkan  shopee   shopeeid "
"865"," menjual tudung saji serbagun seharga  dapatkan  shopee   "
"866","siram   notif ayo panen pohon tabungan lipat gandakan koinmu  shopeeid  shopeetanam"
"867"," menjual cod jam tangan couple  seharga  dapatkan  shopee   "
"868"," menjual terlaris jam tangan p seharga  dapatkan  shopee   "
"869"," menjual tamanu oil by falabel seharga  dapatkan  shopee   "
"870"," menjual led watch  grey rose seharga  dapatkan  shopee   "
"871"," menjual merindu baginda nabi  potongan    dapatkan   shopee "
"872"," menjual wbs cod mesin japan ja seharga  dapatkan  shopee   "
"873","  menjual condom kondom crystal berduri  potongan    dapatkan   shop "
"874"," menjual pergi  tere liye  potongan    dapatkan   shopee "
"875","  menjual ready stock pm th album no  seharga  dapatkan produk    shopee "
"876"," menjual sonar perfume  play x ml  potongan    dapatkan   shopee "
"877"," menjual ready stock got breath of love withdrama benefit pc seharga  dapatkan produk    "
"878"," menjual condom kondom crystal berduri  potongan    dapatkan   shopee "
"879"," menjual sonar x anya ml  potongan    dapatkan   shopee "
"880"," menjual ready stock pm th album no  seharga  dapatkan produk    shopee "
"881"," menjual new kuy pod aio by seharga  dapatkan  shopee   "
"882"," menjual ready stock pola parka day  winter seharga  dapatkan produk    shopee "
"883","terbaru celana wanita fashion toko tamz ready makassar rd seharga  dapatkan produk    shope "
"884"," sobat shopee  dapetin smartphone samsung amp  hadiah   yuk follow instagram   bawa pulang hadiahnya"
"885"," menjual ready stock pola coat day  winter seharga  dapatkan produk    shopee "
"886"," menjual ready stock postcard day  winter seharga  dapatkan produk    shopee "
"887"," menjual jam tangan naga kw k seharga  dapatkan  shopee   "
"888","  menjual peel off mask petal  seharga  dapatkan  shopee   shopeeid "
"889"," sobat shopee     dapetin gadget gratis yuk ikutan giveaway  instagram shopee barokah shopee for men shop"
"890"," wkwk  nya  nemu yg gini   temukan  dapatkan album stiker  album pembatas  album stickynote  "
"891"," menjual nature republic aloe seharga  dapatkan  shopee   "
"892"," menjual ready stock day  winter md yearbook seharga  dapatkan produk    shopee "
"893"," menjual ready stock day  winter md photocard set seharga    dapatkan produk  han "
"894"," menjual hair scrunchie  ikat rambut seharga  dapatkan  shopee   shopeeid "
"895"," menjual selia blouse by anisa seharga  dapatkan  shopee   shopeeid "
"896"," menjual mamas amp  papas baby  seharga  dapatkan  shopee   "
"897","jaket motor pria  jaket riding premium  mnv   dapatkan produk    shopee "
"898"," menjual young k paper cup set seharga    dapatkan produk    shopee "
"899"," menjual sepatu voli mizuno w seharga  dapatkan  shopee   "
"900"," menjual nature republic aloe v seharga  dapatkan  shopee   "
"901","  a shopeeid  shopeeid"
"902"," menjual nature republic aloe seharga  dapatkan  shopee   "
"903"," menjual jam tangan shshd rant seharga  dapatkan  shopee   "
"904"," menjual denita tunik by anisa seharga  dapatkan  shopee   shopeeid "
"905"," menjual moving bed biofilm r seharga  dapatkan  shopee   "
"906","  menjual baju kucinga seharga  dapatkan produk    shopee  shopeeid ht"
"907"," menjual moving bed biofilm r seharga  dapatkan  shopee   "
"908"," menjual in cat collar and seharga  dapatkan  shopee   "
"909"," im selling kaos baju bayi anak setelan lenga for  get it on shopee now  shopeeid "
"910"," menjual moving bed biofilm re seharga  dapatkan  shopee   "
"911"," im selling kaos baju bayi anak setelan lenga for  get it on shopee now  shopeeid "
"912"," menjual ms glow maskulin for men i seharga  dapatkan  shopee   "
"913"," menjual hot wheels t seharga  dapatkan produk    shopee  "
"914"," menjual moving bed biofilm re seharga  dapatkan  shopee   "
"915"," menjual tulip cabang plastik  seharga  dapatkan  shopee   "
"916"," menjual dp po sharing nct lenticular pc pt  seharga    dapatkan produk    shopee "
"917"," menjual for sale new cnk hee seharga  dapatkan  shopee   "
"918"," menjual dp po sharing nct  back to school  seharga    dapatkan produk    sh "
"919"," menjual dp po sharing nct dream back to school seharga    dapatkan produk    shope "
"920","ayo panen pohon tabungan lipat gandakan koinmu shopeeid shopeetanam  "
"921"," menjual kamera analog fuji seharga  dapatkan  shopee   "
"922"," hallo sobat shopee coba tebak  nih bayangan     udah tau langsung aja reply     sebany"
"923"," mauuuuuuu min shopeeid shopeegiveawaynctdream shopeegiveawaynctdream shopeegiveawaynctdream tolonk pi "
"924"," menjual ready bts comeback a seharga  dapatkan  shopee   "
"925"," menjual mahkota anomali seharga  dapatkan  shopee   shopeeid "
"926"," menjual panggangan portable  seharga  dapatkan  shopee   "
"927"," menjual for sale dru seharga  dapatkan produk    shopee  "
"928","yukz  order langsung kelapaknya   temukan  dapatkan gamis set bermerks terbaru     ju "
"929"," menjual mino kihno album  take seharga  dapatkan  shopee   "
"930"," menjual mooimom breastpump e seharga  dapatkan  shopee   "
"931","  menjual baju kucinga seharga  dapatkan produk    shopee  shopeeid ht"
"932"," menjual baju renang bayi seharga  dapatkan  shopee   shopeeid "
"933"," menjual panggangan portable  seharga  dapatkan  shopee   "
"934"," menjual double hook vmc no   seharga  dapatkan  shopee   "
"935"," menjual ground force gf seharga  dapatkan  shopee   shopeeid "
"936"," menjual double hook vmc no  seharga  dapatkan  shopee   "
"937"," menjual double hook vmc    seharga  dapatkan  shopee   "
"938"," menjual pompa sawah  inch seharga  dapatkan  shopee   "
"939"," menjual pompa sawah  inch seharga  dapatkan  shopee   "
"940"," menjual lanyard md tour bts jhope taehyung seharga    dapatkan produk    shopee "
"941"," menjual double hook vmc no  seharga  dapatkan  shopee   "
"942"," menjual pompa sawah  inch seharga  dapatkan  shopee   "
"943"," menjual double hook vmc   seharga  dapatkan  shopee   "
"944"," menjual tumblr tee basic seharga  dapatkan  shopee   shopeeid "
"945"," menjual bak mandigentong te seharga  dapatkan  shopee   "
"946"," menjual bak mandigentong te seharga  dapatkan  shopee   "
"947"," menjual bak mandigentong te seharga  dapatkan  shopee   "
"948"," menjual gentongbak mandi te seharga  dapatkan  shopee   "
"949"," menjual bak mandigentong te seharga  dapatkan  shopee   "
"950"," menjual poupeepou masker organ seharga  dapatkan  shopee   "
"951"," menjual bak mandigentong te seharga  dapatkan  shopee   "
"952"," menjual poupeepou gelatine mas seharga  dapatkan  shopee   "
"953"," sobat shopee  dapetin smartphone samsung amp  hadiah   yuk follow instagram   bawa pulang hadiahnya"
"954"," menjual siger seharga  dapatkan  shopee   shopeeid "
"955"," menjual anjali seharga  dapatkan  shopee   shopeeid "
"956"," menjual spuit penghias kue seharga  dapatkan produk    shopee  "
"957"," menjual rok plisket seharga  dapatkan  shopee   shopeeid "
"958"," menjual sandal jepit hitam dew seharga  dapatkan  shopee   "
"959","kunjungi toko   shopee nininyuniar  shopeeid "
"960"," menjual garnier light complet seharga  dapatkan  shopee   "
"961"," menjual straga seharga  dapatkan  shopee   shopeeid "
"962"," menjual sandal jepit merk zand seharga  dapatkan  shopee   "
"963","im selling postcard bl mangamanhwa for  get it on shopee now  shopeeid "
"964","terbaru rompi wanita fashion toko tamz ready makassar rd seharga  dapatkan produk    shopee "
"965"," menjual hampers masker wajah  seharga  dapatkan  shopee   "
"966"," menjual hellonoona masker kom seharga  dapatkan  shopee   "
"967"," menjual peel off mask petal by seharga  dapatkan  shopee   "
"968"," menjual peel off mask petal  seharga  dapatkan  shopee   "
"969"," menjual fingertip oximeter pu seharga  dapatkan  shopee   "
"970","  menjual baju kucinga seharga  dapatkan produk    shopee  shopeeid ht"
"971"," menjual ragani instan coklat seharga  dapatkan  shopee   shopeeid "
"972","kunjungi toko   shopee elsakonfeksi  shopeeid "
"973"," menjual gluta collagen bright seharga  dapatkan  shopee   "
"974"," menjual gluta collagen bright seharga  dapatkan  shopee   "
"975"," menjual bak mandigentong teraso seharga  dapatkan  shopee   shopeeid "
"976"," menjual tali prusik mm bahan ge seharga  dapatkan  shopee   "
"977"," menjual bibit jamur f seharga  dapatkan  shopee   shopeeid "
"978"," menjual kubadar seharga  dapatkan  shopee   shopeeid "
"979"," nctzen yuk bantu mimin lengkapi puzzle album nct  resonance pt   langsung aja reply   ya  tungguin "
"980"," menjual bak mandigentong teraso seharga  dapatkan  shopee   shopeeid "
"981","  menjual baju kucinga seharga  dapatkan produk    shopee  shopeeid ht"
"982"," menjual headpiece hijab bunga seharga  dapatkan  shopee   "
"983"," menjual bt milk tumbler seharga  dapatkan  shopee   shopeeid "
"984"," menjual bt milk tumbler seharga  dapatkan  shopee   shopeeid "
"985"," menjual promo sketsa wajah digitalilustrasivektor wajahadengan potongan      "
"986"," menjual baju kucinga seharga  dapatkan produk    shopee  "
"987"," menjual the boyz photocard pc sangy seharga  dapatkan  shopee   "
"988"," menjual tas totebag bola barc seharga  dapatkan  shopee   "
"989"," menjual tas totebag mu chelse seharga  dapatkan  shopee   "
"990"," sobat shopee   dapetin hadiah menarik yuk langsung aja like facebook fan page shopee indonesia    "
"991"," menjual kaos motif cowokcewek seharga  dapatkan  shopee   "
"992"," menjual celan boxer pria murah seharga  dapatkan  shopee   shopeeid "
"993"," sobat shopee  dapetin smartphone samsung amp  hadiah   yuk follow instagram   bawa pulang hadiahnya"
"994"," menjual celan boxer pria murah seharga  dapatkan  shopee   shopeeid "
"995"," menjual iphone xr gb sec seharga  dapatkan  shopee   "
"996"," menjual iphone  plus g seharga  dapatkan  shopee   "
"997"," menjual iphone x gb seco seharga  dapatkan  shopee   "
"998"," menjual mcnd pc photocard calendar  seharga  dapatkan  shopee   "
"999"," menjual compass gazelle low seharga  dapatkan  shopee   shopeeid "
"1000"," menjual tiva blazer office by seharga  dapatkan  shopee   "
